Fakultas;Pilihan ke-;PU;PK;PPU;PBM;Lit. Bahasa Indonesia;Lit. Bahasa Inggris;PM;Link;Rerata
FITB-G;Pilihan 1;790.19;541.60;728.19;770.05;698.05;801.49;719.28;;721.26
FITB-G;Pilihan 1;621.57;770.60;689.23;611.81;657.97;660.31;708.63;https://drive.google.com/open?id=1nrLcqeIe4a3rInzd36EYSQk6w6WvwnXm;674.30
FITB-G;Pilihan 1;689.58;631.97;660.39;651.83;718.41;804.73;697.33;https://drive.google.com/open?id=1f2jTc9gBIevFhkzL91VD5zANMmTNlHNy;693.46
FITB-G;Pilihan 2;804.65;502.2;728.19;753.17;584.35;662.71;595.19;https://drive.google.com/open?id=1pcNv5kFOIG3l1yT-Dk9ro1lY-OjCnGX5;661.49
FITB-G;Pilihan 1;806.09;749.52;655.26;663.69;664.8;749.65;625.73;https://drive.google.com/open?id=1j82p9vynbA55OVPE70iN6EmI5xImhBnZ;702.11
FMIPA-IPA;Pilihan 1;689.97;711.18;634.08;672.95;683.08;806.33;644.42;https://drive.google.com/open?id=1HYazunGBo_4ag6FFvRDYaCfvPDJ5m_YQ;691.72
FMIPA-IPA;Pilihan 1;717.14;643.00;771.63;772.91;708.62;734.78;626.16;https://drive.google.com/open?id=1qsOdxfObaqtBX9vWNYlNgAmyVvSqZ8Hx;710.61
FMIPA-IPA;Pilihan 2;703.96;787.21;680.95;609.88;726.49;727.33;668.23;https://drive.google.com/open?id=15Sri7VriPWwBifDfTBstjgtsy81F6iL7;700.58
FMIPA-IPA;Pilihan 2;767.32;668.73;740.28;712.38;562.08;780.85;574.77;https://drive.google.com/open?id=1-Su66BMqAHAb1xTM-67sMMyIR2ddfgeX;686.63
FMIPA-IPA;Pilihan 1;727.26;713.73;719.80;724.94;656.40;765.58;629.95;https://drive.google.com/open?id=1VCQnyN7BKHzegpsvCT0Tac4hEnUpoCiZ;705.38
FMIPA-IPA;Pilihan 2;716.31;886.77;676.05;603.71;574.93;564.16;578.53;https://drive.google.com/open?id=105e1yfMJscmDGPcMunSdboQpcfb3BPSi;657.21
FMIPA-IPA;Pilihan 2;656.3;755.04;744.32;715.99;590.05;632.09;488.12;https://drive.google.com/open?id=1H3omsfRr_jwhefetDiVm3Z25W05KEB4G;654.56
FMIPA-IPA;Pilihan 2;669.32;798.6;641.35;574.54;643.62;680.95;865.64;https://drive.google.com/open?id=1gsaIWrURzUbsyv_nSnDKuJ8_SW0_pQ3A;696.29
FMIPA-M;Pilihan 2;719.82;638.56;637.19;761.15;758.47;788.78;737.92;https://drive.google.com/open?id=1MUCuUBg-OHhbmHV8u5LeLoFi9qsBDkyx;720.27
FMIPA-M;Pilihan 1;665.42;859.43;657.54;798.31;705.48;585.68;669.22;https://drive.google.com/open?id=1Qa9DlZA4sGweSapr2Wt1EF63gX5zfQnn;705.87
FMIPA-M;Pilihan 1;743.42;774.71;691.48;707.41;685.15;712.40;677.88;https://drive.google.com/open?id=1defWri23B4vHsGsCWq1yutIrX-5rV1tO;713.21
FMIPA-M;Pilihan 1;784.66;639.10;758.06;680.29;689.55;783.84;653.41;https://drive.google.com/open?id=1SICXwfRhLc9xFWkp7Zcfm5O6iM4jpaYT;712.70
FMIPA-M;Pilihan 1;767.75;769.16;753.31;785.98;627.82;689.35;749.93;https://drive.google.com/open?id=1ZWgLJix1XNxXZ04xw2mz68bL1UMYI2Ws;734.76
FMIPA-M;Pilihan 1;719.78;840.95;681.78;704.85;760.82;790.84;669.22;https://drive.google.com/open?id=1FrLsJb_d0BtZNRhSIjFUH_cqlVb8AX1s;738.32
FSRD-G;Pilihan 1;585.05;493.48;711.99;592.45;670.81;677.37;680.56;;630.24
FSRD-G;Pilihan 1;726.32;882.81;605.00;723.18;626.30;753.38;549.82;;695.26
FSRD-G;Pilihan 1;657.84;631.25;678.53;652.15;657.20;627.78;379.74;;612.07
FSRD-G;Pilihan 1;643.59;738.41;666.58;605.45;772.20;684.31;621.51;;676.01
FSRD-G;Pilihan 1;787.80;802.94;697.71;692.87;680.24;703.99;557.49;;703.29
FSRD-G;Pilihan 1;635.00;627.00;635.00;631.00;710.00;739.00;601.00;https://drive.google.com/open?id=19T6tVh6JqUzBj8j_udMVX1Jmo6S_rOMD;654.00
FSRD-G;Pilihan 1;691.83;649.46;716.97;656.07;701.87;751.25;482.51;https://drive.google.com/open?id=1PI-LbFZIDVgQu8WThsjlz6RCGbHUbRFj;664.28
FSRD-G;Pilihan 1;867.15;804.38;656.83;629.11;742.76;762.68;688.64;https://drive.google.com/open?id=1YT8HhMz0D7-LuS59BrfRQQJBZ2Q_8Q3H;735.94
FSRD-G;Pilihan 1;687.69;673.15;660.40;715.88;664.65;787.84;472.48;https://drive.google.com/open?id=1z5EM2iwOqdn5hvmAjCJDKNZfyEr4ZeXd;666.01
FSRD-G;Pilihan 1;613.00;567.00;736.00;718.00;594.00;708.00;629.00;https://drive.google.com/open?id=1ydmvQrhGbsnUi8zcnOJ6tLY1X6-_Cuh8;652.14
FSRD-G;Pilihan 1;709.67;845.75;679.82;593.05;651.42;754.42;406.93;https://drive.google.com/open?id=1r2nTAlGzTwN4n3X9RWnujRvkd8DPJ8fh;663.01
FSRD-G;Pilihan 1;688.41;596.5;756.35;773.28;643.25;791.58;687.62;https://drive.google.com/open?id=1UVfqrVE6WnBS06elEk_ce87UDyRHtESV;705.28
FSRD-J;Pilihan 1;594.93;529.97;620.97;452.99;617.89;693.05;645.63;https://drive.google.com/open?id=1YGMpnPMrvlGvk52FdlIEcKmX2frxg_QB;593.63
FTI-C;Pilihan 1;729.53;648.04;781.15;692.87;599.72;622.16;664.60;https://drive.google.com/open?id=1blplSxSB686drZ1ur6YA022-fb3maPh2;676.87
FTI-C;Pilihan 1;728.00;847.00;781.00;736.00;704.00;638.00;799.00;https://drive.google.com/open?id=1-W5SU-BCeZ4raGovCt-GxQ-Uj3ttMrvT;747.57
FTI-G;Pilihan 1;718.11;735.61;638.61;706.53;751.23;769.20;695.03;;716.33
FTI-G;Pilihan 1;688.72;727.05;660.50;647.39;711.40;747.25;675.38;;693.96
FTI-G;Pilihan 1;746.00;798.00;728.00;680.00;673.00;634.00;612.00;https://drive.google.com/open?id=1do8eH0NtkIJidAylM7Y_0CRavWs6dAlo;695.86
FTI-G;Pilihan 1;797.49;738.72;657.67;600.96;646.41;855.17;627.84;https://drive.google.com/open?id=1cVRf_NLyZaoXcaB7YnlM0JSY_jIlh09y;703.47
FTI-G;Pilihan 1;748.47;704.76;742.59;617.79;779.32;802.68;662.97;https://drive.google.com/open?id=1Pe-kH6mIh_SKnnltanElW0VmYqSyBhLF;722.65
FTI-G;Pilihan 1;804.94;789.70;728.52;789.30;700.67;706.29;748.76;https://drive.google.com/open?id=1mS1FJw64UwpfMaJnThf8GFFFxrKd1Gu5;752.60
FTI-G;Pilihan 1;847.53;928.42;754.29;731.18;737.40;786.99;655.77;https://drive.google.com/open?id=1rua_Rsnjl6dm5ZzJXM5mTSTGscez-Zsr;777.37
FTI-G;Pilihan 1;818.65;772.53;595.00;755.04;719.89;758.16;739.58;https://drive.google.com/open?id=1EE9gCmFVMRPBUY-NjMvWqTV7pd7aQHBD;736.98
FTI-G;Pilihan 1;751.75;843.29;769.61;706.32;742.38;735.25;661.60;https://drive.google.com/open?id=1A1Tm5SvIj7Xk9P3Z3bll_UNsy0lv-YDX;744.31
FTI-G;Pilihan 1;731.76;845.58;632.93;574.08;577.83;754.10;688.09;https://drive.google.com/open?id=14NKdpxnwa6yzDMy0DtzCaUf0NEubTqka;686.34
FTI-G;Pilihan 1;811.32;562.00;677.46;694.59;697.65;720.07;736.56;https://drive.google.com/open?id=1mwiRK43UccDenhBqXhpqkBDDcnOliGhR;699.95
FTI-G;Pilihan 1;693.33;790.50;686.91;687.97;703.28;674.92;612.81;https://drive.google.com/open?id=1UXzIv2_vOVdW-C0hZyYDhoIjanCmD0jZ;692.82
FTI-G;Pilihan 1;682.73;845.39;710.28;750.63;637.79;678.22;743.73;https://drive.google.com/open?id=1NcNPoH4_4jZqvQ0JKinXw1KAkrVZQxGz;721.25
FTI-G;Pilihan 1;707.96;712.02;650.44;737.04;621.97;762.72;729.00;https://drive.google.com/open?id=1ApguULZnUIVmT4BM_R473yHyA9tm5N5z;703.02
FTI-G;Pilihan 1;807.57;862.17;621.18;766.57;624.82;613.97;547.40;https://drive.google.com/open?id=1TzQXFhUxZSkYE_jT2If_WYqC-5iEsXgj;691.95
FTI-G;Pilihan 1;749.63;861.48;735.94;627.29;711.22;667.39;487.88;https://drive.google.com/open?id=1R7VELukAWP842VdNffFrHCdeF4rFoz9R;691.55
FTI-G;Pilihan 1;730.00;888.00;676.00;632.00;579.00;661.00;603.00;https://drive.google.com/open?id=13CTgAAuCcoE1udzQ5IjESBDZKI6e2xSW;681.29
FTI-G;Pilihan 1;822.10;693.51;664.03;737.26;723.53;750.81;640.66;https://drive.google.com/open?id=1KaWcnwshvl5mGFLst9p-vB_O2Sa6FcFL;718.84
FTI-G;Pilihan 1;686.64;854.60;683.74;834.47;710.40;709.52;767.92;https://drive.google.com/open?id=1ZB6MQYLNAQw39PgEqLmitQ7utSoxIf1k;749.61
FTI-G;Pilihan 1;743.42;828.18;787.91;673.33;713.71;666.10;690.40;https://drive.google.com/open?id=101yFe8TEEy7S-Tn3vwy7oU9bnoleUJjp;729.01
FTI-G;Pilihan 1;764.83;816.07;755.96;725.62;677.92;758.99;595.93;https://drive.google.com/open?id=1SVsZeIOJPqppPizyoL8LKNsvch0t6f_5;727.90
FTI-G;Pilihan 1;678.46;739.11;780.50;650.21;632.00;777.79;857.94;https://drive.google.com/open?id=1kL5H_9z5gN7Jz22E4-p7u647ekespuFA;730.86
FTI-G;Pilihan 1;738.20;746.28;688.46;791.51;693.00;771.44;872.61;https://drive.google.com/open?id=14ScCAbSa9ql9t1pHhXFVdiSu2jNNLfE-;757.36
FTI-G;Pilihan 1;784.09;820.57;629.24;687.79;623.69;652.19;657.74;https://drive.google.com/open?id=12Ss3iSP4PU9yes5yVAzPjQ54sSWj5FXS;693.62
FTI-G;Pilihan 1;801.82;891.23;634.21;706.21;696.52;704.92;533.80;https://drive.google.com/open?id=1-6LGIasng4hjLSmQflBnj5MNdY7LGNOd;709.82
FTI-G;Pilihan 1;823.03;711.84;656.57;627.10;610.15;632.80;709.22;https://drive.google.com/open?id=12WcgLpLaNcE3syaFJDZz9X1pOHpbocVS;681.53
FTI-G;Pilihan 2;773.20;750.33;760.45;655.74;703.10;661.72;612.77;https://drive.google.com/open?id=19GKdYhQd8wp9ICuqSlfAZAVgWNZ2Swi6;702.47
FTI-G;Pilihan 2;809.12;596.02;737.65;780.07;674.31;733.23;726.14;https://drive.google.com/open?id=1ah0ndLLysc_vk1-7CetiY7g_4Q_wdae3;722.36
FTI-G;Pilihan 1;759.65;847.66;804.95;662.39;686.27;700.18;679.04;https://drive.google.com/open?id=1MTNuTk2NYUL4zu-4D_gMM6DTQXhPNfgh;734.31
FTI-G;Pilihan 1;758.62;672.22;705.09;740.40;691.40;749.76;791.63;https://drive.google.com/open?id=1NsyzqXqTndTgqyx8f66NWlu-T1Fsaimx;729.87
FTI-G;Pilihan 1;784.58;775.01;603.66;578.03;719.78;728.82;725.42;https://drive.google.com/open?id=1lkxP5RMOXmV_9H1B0OsXrWD8a4_T_E2S;702.19
FTI-G;Pilihan 1;763.06;800.31;704.30;683.72;691.12;668.66;535.21;https://drive.google.com/open?id=1oyDX4XGKaCJ0vLF0BOcRVJ__4iFXEqgd;692.34
FTI-G;Pilihan 1;746.24;925.05;657.70;626.21;709.74;753.16;738.74;https://drive.google.com/open?id=11tPVB9fLpVXXtSL3cIkD8plX1hvrtGW-;736.69
FTI-G;Pilihan 1;686.00;750.00;748.00;717.00;626.00;748.00;687.00;https://drive.google.com/open?id=1qvIFw2JIi1_YvOkXQcEyuJR_lpluE9wx;708.86
FTI-G;Pilihan 1;776.86;771.00;633.00;619.98;630.76;533.12;799.53;https://drive.google.com/open?id=1XGwgQyl1NhPUE0-Tahuj_uWRc2OCUjOK;680.61
FTI-G;Pilihan 1;759.79;880.07;793.16;636.65;711.36;731.83;661.28;https://drive.google.com/open?id=1aCk7ygTkkcpOlL6KP6-7nkbcRzIVXdUv;739.16
FTI-G;Pilihan 1;714.16;725.18;757.67;672.07;497.63;822.65;734.77;https://drive.google.com/open?id=1ajj4A0ZmNfS797NRQiSR4Xg4Xp6cw67f;703.45
FTI-G;Pilihan 1;727.92;761.69;675.65;627.72;670.29;687.36;768.12;https://drive.google.com/open?id=1avHgJ_S2870x5BBcrdEbswRywhJkKvzn;702.68
FTI-G;Pilihan 1;681.14;805.76;745.86;731.05;735.43;739.83;485.41;https://drive.google.com/open?id=1ZGrya6ThslHO1AOfj5LefKUPPsVq9J7B;703.50
FTI-G;Pilihan 1;609.62;768.20;603.56;760.96;660.81;792.03;721.60;https://drive.google.com/open?id=1C_TVxu55XQGRkQYM76tOnt0cB3ocAAKO;702.40
FTI-G;Pilihan 1;746.10;796.35;705.48;695.67;662.70;747.68;708.68;https://drive.google.com/open?id=1bMG5EzvlvuMhktgB1GIpp04o_5bURruz;723.24
FTI-G;Pilihan 1;718.6;862.52;724.2;795.76;629.81;694.29;551.34;https://drive.google.com/open?id=1iqiOJtvLRdtZr73X7WuKZ1luzgSZpZcM;710.93
FTI-G;Pilihan 1;788;916.67;733.26;795.49;637.54;716.43;406.93;https://drive.google.com/open?id=1HSzz3oRnAoDVV-lIixdGo90caHS0p1A2;713.47
FTI-G;Pilihan 1;700.4;776.66;730.04;718.49;620.01;723.09;613.48;https://drive.google.com/open?id=1SajtZGnZy--MInzBWDcs9yhtgV_-c_Ux;697.45
FTI-J;Pilihan 1;750.85;930.89;740.84;733.67;573.77;686.66;597.11;;716.26
FTI-J;Pilihan 1;814.98;683.87;669.09;646.38;670.41;621.09;769.41;https://drive.google.com/open?id=1DfGu8WfkSkfsZjl7tUNF6ACxNCdts-tE;696.46
FTI-J;Pilihan 1;771.15;855.89;674.65;723.11;760.18;716.92;484.68;https://drive.google.com/open?id=1rgHVS9lGU-8_Wcm_OK5G2ydFBsLwgXum;712.37
FTI-J;Pilihan 1;674.44;825.14;675.73;683.30;655.66;659.03;684.81;https://drive.google.com/open?id=1np-q-NzgWFv4HROvcfELjjNYvINv6EEo;694.02
FTI-J;Pilihan 1;754.06;754.43;712.08;750.94;745.01;653.27;740.29;https://drive.google.com/open?id=16cSBMgNTZb-3jmBAzdNNqWQW7NavtVQp;730.01
FTI-J;Pilihan 1;691.93;794.63;681.43;702.43;705.49;734.22;665.44;https://drive.google.com/open?id=1-XXtxQYhrT50BEfgpXTzLZq4qrKnSKmT;710.80
FTI-J;Pilihan 2;775.75;674.65;663.00;754.58;638.28;749.50;618.75;https://drive.google.com/open?id=1NhaUhj0jwWoVxYEVkMpt-GEEwTMR8Grj;696.36
FTI-J;Pilihan 1;795.24;896.36;706.00;583.86;696.92;732.57;715.64;https://drive.google.com/open?id=1oSKKaU5ezFgnTAIX4yb_PEO88lEhToPZ;732.37
FTI-J;Pilihan 1;789.05;949.78;778.70;773.28;556.35;729.44;836.00;https://drive.google.com/open?id=1BpdAY7ipdzFFgfD4vjvFRQyd1_tbMs6j;773.23
FTI-J;Pilihan 1;720.46;786.97;692.42;651.76;649.90;619.24;614.18;https://drive.google.com/open?id=1ZPAhV3WKA9wcApzmGh1bAWS5pj69Cutd;676.42
FTI-J;Pilihan 1;780.04;758.21;668.45;790.63;620.78;606.19;696.95;https://drive.google.com/open?id=1LgcP95f5gXTjpJLqCEUNqQanvx3n4T9i;703.04
FTI-J;Pilihan 1;669.73;724.23;745.92;699.53;556.5;785.99;630.47;https://drive.google.com/open?id=1xCoMgNFjNs1GccMIUtICcffjrh4kLmjD;687.48
FTMD;Pilihan 1;736.16;777.89;711.10;642.08;723.12;755.57;701.46;https://drive.google.com/open?id=1aQ0yrHZIR1iNA0gLG95MfqBeXJBmn4cS;721.05
FTMD;Pilihan 1;704.27;816.94;778.12;741.52;691.15;646.44;790.70;https://drive.google.com/open?id=1oibxFNdarqpil87OY6kt3is-NSyeBM1n;738.45
FTMD;Pilihan 1;714.79;835.3;666.58;752.79;674.04;698.84;646.46;https://drive.google.com/open?id=1HDxy3933dLOFEeCLt5DjdIJif2H1DLUa;712.69
FTMD;Pilihan 1;774.09;654.31;635.56;737.58;694.27;728.6;831.7;https://drive.google.com/open?id=1VZKAnEa8V5vRgtvkF764kD-R7GeCOPZS;722.30
FTMD;Pilihan 2;741.85;727.59;669.25;753.97;636.79;611.28;690.14;https://drive.google.com/open?id=1XEcLR8JxOiSzAHe7WkGyZKaWj_crplvI;690.12
FTSL-G;Pilihan 1;740.95;881.35;671.77;771.02;671.89;803.64;731.66;https://drive.google.com/open?id=1rqI5c139glMFllOnHgUZVCf7TJPs_q5O;753.18
FTSL-G;Pilihan 1;781.68;808.86;794.85;674.76;721.54;773.72;801.35;https://drive.google.com/open?id=1zYmG_k85cSWZZkgRq-LFOsxTxnSf7fGK;765.25
FTSL-G;Pilihan 1;684.9;690.13;634.66;730.51;713.79;769.66;676.48;https://drive.google.com/open?id=1Ma4KxrOUp3ecahMB8eB3RTZ7mBHlzs0l;700.02
FTSL-G;Pilihan 1;811.03;956.08;656.38;741.42;695.36;660.01;772.45;https://drive.google.com/open?id=1F15rJMsUmD1WW5K5aI6qYTXK_xEe9JmK;756.10
FTSL-J;Pilihan 1;650.86;734.18;658.66;588.75;700.21;763.67;710.49;https://drive.google.com/open?id=1fgflsTiE1WcV4hglZx_r33nIp18zuEX3;686.69
FTSL-J;Pilihan 1;744.60;767.36;743.59;644.68;691.92;777.56;480.27;https://drive.google.com/open?id=16bFQjpv-QqKGuMqNXM-BbtWKuvB5QBwO;692.85
FTSL-J;Pilihan 1;758.80;804.62;725.84;591.29;709.76;723.39;703.18;https://drive.google.com/open?id=10FVNCnXygDuIpWoO1-5LtFpIgMGGB0K8;716.70
FTSL-J;Pilihan 1;770.94;749.44;727.73;698.34;745.75;704.70;577.89;https://drive.google.com/open?id=1EE1dS6RIXuF8l6F22RAM7sr2F6-l6FpZ;710.68
FTTM-C;Pilihan 2;717.46;716.73;535.45;689.93;572.62;721.66;651.48;https://drive.google.com/open?id=1xH3-_J1crwS3_deLg4bYSG4J5Ifgp-em;657.90
FTTM-C;Pilihan 1;592.23;652.23;770.80;675.83;560.39;732.89;624.84;https://drive.google.com/open?id=1bW8ygFlt95FBFWDflBOmiCOdHsoCUsrg;658.46
FTTM-C;Pilihan 1;715.40;695.96;685.57;545.67;612.21;681.65;681.24;https://drive.google.com/open?id=1AcF-0QMQQB5QS0z1dq22AJj5jLZtfBls;659.67
FTTM-C;Pilihan 2;684.58;694.50;592.77;542.98;596.88;619.31;753.88;https://drive.google.com/open?id=1DVq3GceVo_hUO3TOp4kT-nEDEkrB40TP;640.70
FTTM-C;Pilihan 1;810.7;749.37;586.8;672.44;601.43;742.66;574.23;https://drive.google.com/open?id=1sa5AUMlpvflwUT-OKjWhzaDdmKh0rA_D;676.80
FTTM-C;Pilihan 1;744.57;743.14;737.51;685.63;603.12;723.32;576.87;https://drive.google.com/open?id=1hxQcW3kFP2_GTTdNnjuOrMzZVCLHansa;687.74
FTTM-C;Pilihan 1;631.48;741.62;787.83;777.27;674.31;645.62;629.63;https://drive.google.com/open?id=1GwbdhxG-J_TDXovwwXd2mMJdY8Yhn94N;698.25
FTTM-G;Pilihan 1;699.85;822.37;707.96;625.10;718.71;721.88;523.92;;688.54
FTTM-G;Pilihan 1;745.65;496.48;770.46;665.97;742.59;790.49;621.90;https://drive.google.com/open?id=12rTPBWD9CoExzwmBfuRQ9Nel4Yc3B01i;690.51
FTTM-G;Pilihan 1;739.35;740.45;737.73;697.12;690.33;718.47;558.97;https://drive.google.com/open?id=1G8tnCjj2J2wrGoSZ5Q_yspyfGl85_mgD;697.49
FTTM-G;Pilihan 1;761.21;863.27;720.83;686.49;699.14;716.03;721.36;https://drive.google.com/open?id=1UB5nCaAZXo79uK0_jZiwhovIZouWC47m;738.33
FTTM-G;Pilihan 2;654.79;829.43;766.62;643.40;671.60;677.40;537.47;https://drive.google.com/open?id=1UYTmxupbx_jgG4SKAab9o1o2OPjomIHe;682.96
FTTM-G;Pilihan 1;753.76;809.00;656.15;636.82;760.10;755.93;685.87;https://drive.google.com/open?id=1_1iHmiUjmAS71Sdr1zyiv814V0Li0FIe;722.52
FTTM-G;Pilihan 1;672.51;787.15;689.05;720.22;617.38;590.50;606.81;https://drive.google.com/open?id=1XsMf8x98RyyEKs2-IXYrGNnDm9aPbmsD;669.09
FTTM-G;Pilihan 2;843.07;827.27;669.38;609.55;593.05;692.70;448.68;https://drive.google.com/open?id=1rWLI1eia60eb-eME-UfcozEJBxGQ4u59;669.10
FTTM-G;Pilihan 1;804.34;742.64;806.87;712.75;729.76;772.17;661.56;https://drive.google.com/open?id=1Hsc0RdykULjJAs3tpsnzsglJFgzDMQIB;747.16
FTTM-G;Pilihan 1;744.36;803.49;674.41;674.76;641.37;610.45;632.29;https://drive.google.com/open?id=14C2x12yApr_ffkMeyGRmX-PTTYPum6wa;683.02
FTTM-G;Pilihan 1;795.73;962.84;691.94;649.95;597.97;694.83;660.06;https://drive.google.com/open?id=100AElIjg2r8bE0s2pDVrHQ_JBU1sHG9f;721.90
FTTM-G;Pilihan 1;775.97;515.56;765.38;626.04;645.44;729.67;680.58;https://drive.google.com/open?id=1GPGqAtcpeSoYWmBN8ebIOZXduANRFHy6;676.95
FTTM-G;Pilihan 1;679.02;931.63;741.46;701.88;604.15;745.99;813.91;https://drive.google.com/open?id=1_8go3obnDV1oyAJNlekHBPeknJB949u0;745.43
FTTM-G;Pilihan 2;650.91;661.63;701.38;662.58;740.92;703.77;728.42;https://drive.google.com/open?id=1YyO2DY0gOc1mX5oHyMB3NfaB5i9L-wgm;692.80
FTTM-G;Pilihan 1;745.05;738.37;633.42;644.23;622.75;718.47;627.84;https://drive.google.com/open?id=14QQsN1FKc6_g5WSo30Yv5R7lYvKxRRN_;675.73
FTTM-G;Pilihan 1;617.04;817.77;613.06;667.01;649.12;749.76;769.89;https://drive.google.com/open?id=16DDqlcTn4JO5Wg1mk_5Ru1-ylDwSt6P-;697.66
FTTM-G;Pilihan 1;731.75;714.82;665.39;656.81;762.85;704.41;566.36;https://drive.google.com/open?id=1XCTRoS85YFtuIvBKTmSSetDUEOrysFku;686.06
FTTM-G;Pilihan 1;726.36;757.10;600.83;685.57;604.49;647.41;829.27;https://drive.google.com/open?id=1XemygPobM3YsF-SPmfTgVGIVz_EEZyPd;693.00
FTTM-G;Pilihan 1;762.65;830.59;582.09;628.25;713.86;703.76;610.83;https://drive.google.com/open?id=1N2VrmzEX25OX2Zx-jPWRsYlRTXzWy8Tz;690.29
FTTM-G;Pilihan 1;738.42;641.41;730.61;689.88;691.02;692.85;774.26;https://drive.google.com/open?id=1cun72bFBTLCka9ZspKZ5n01rUPMtygbn;708.35
FTTM-G;Pilihan 1;679.46;942.6;692.83;732.52;670.2;749.5;712.14;https://drive.google.com/open?id=1RYxbICXf6-VGfZDO6r2N14iRQMrbJjTS;739.89
FTTM-G;Pilihan 1;767.99;791.07;627.52;653.1;711.36;805.92;677.92;https://drive.google.com/open?id=1uFXA5nH-66dfDpSApQjdKB4bYppaYSIq;719.27
FTTM-G;Pilihan 1;681.07;831.47;601.55;654.98;601.44;590.63;774.09;https://drive.google.com/open?id=16IHxVTRzRg9goCbH8bv0bdaPgF3-RXjZ;676.46
FTTM-G;Pilihan 1;646.16;869.26;662.32;613.26;768.75;648.51;799.59;https://drive.google.com/open?id=18Lt1D2ke92M-pUQ5Qr_569BUiRaWFmpO;715.41
FTTM-G;Pilihan 1;835.96;616.58;749.94;658.94;640.62;739.86;727.14;https://drive.google.com/open?id=1IWcKu4UEx23Gt6Fngvvga91xKvzNXfhw;709.86
FTTM-G;Pilihan 1;679.27;664.54;704.13;761.38;713.88;684.41;704.39;https://drive.google.com/open?id=1DU19GHCYJFi-Pfl57KVCUDomMRty43Jn;701.71
FTTM-G;Pilihan 1;749.01;919.38;706.07;647.38;653.38;768.87;680.45;https://drive.google.com/open?id=1R0yPnRYhVWTzYTvoI6gPymX7vOY9Hx9B;732.08
SAPPK-C;Pilihan 1;720.44;798.16;707.34;651.40;695.08;698.84;567.68;https://drive.google.com/open?id=1E_mCzPdQnO-t9i3VdCov81N05iGKHnNK;691.28
SAPPK-G;Pilihan 1;764.10;766.87;696.75;618.08;661.92;645.21;736.75;https://drive.google.com/open?id=1Ia1mUKAGtU6zg4e8bPFRiC-naw5EjXDQ;698.53
SAPPK-G;Pilihan 2;783.07;878.69;634.47;652.45;652.13;748.49;660.06;https://drive.google.com/open?id=1YiK77h9udfmqgJ6yH6uknz_8LyLe4j77;715.62
SAPPK-G;Pilihan 1;799.44;832.26;666.65;728.66;681.1;800.06;717.48;https://drive.google.com/open?id=1G5UiMZ-t4PugiU1s1lCh4lZrK-ASZm-I;746.52
SAPPK-G;Pilihan 1;882.8;726.23;606.66;690.4;659.06;784.77;674.1;https://drive.google.com/open?id=1bYF2nt38e6L9aeg0x5hrUHiYtiv5nI8H;717.72
SBM;Pilihan 1;635.46;807.90;601.80;684.24;684.68;708.86;724.39;https://drive.google.com/open?id=1XXfdS-MGcg8SGBVhz_XO-KKmpKBrrKY5;692.48
SBM;Pilihan 1;829.11;787.96;726.17;779.91;663.65;739.16;605.71;https://drive.google.com/open?id=1VlL5iTewcJ-rH6Fl4LCA9H2rqVsfIA8g;733.10
SBM;Pilihan 1;784.37;706.53;785.01;541.87;570.88;699.39;722.75;https://drive.google.com/open?id=1naMAjkrUQ-UsIjafy8pTlx1q3KxOT9aL;687.26
SF;Pilihan 1;687.00;723.00;714.00;708.00;651.00;724.00;718.00;;703.57
SF;Pilihan 1;850.30;750.43;695.73;723.00;657.87;758.99;605.02;https://drive.google.com/open?id=1lD2MORIhzxlM1uBxXndMKLCZ2UrBnL1D;720.19
SF;Pilihan 2;703.05;641.83;690.65;668.87;652.70;775.65;700.96;https://drive.google.com/open?id=1jAnU0ckOn8Pn3lYZJll4Ia2q0fKkOfIk;690.53
SF;Pilihan 1;803.79;944.54;630.81;653.70;619.86;790.49;604.27;https://drive.google.com/open?id=1phIsPr_oMQytK1DDoQVNamrP2XNJ87a6;721.07
SF;Pilihan 1;707.24;834.16;692.83;632.14;636.81;709.99;596.63;https://drive.google.com/open?id=1y_DHySGxfj8i-ez2JKIxEF0LSLPp0yZ9;687.11
SF;Pilihan 1;745.18;567.18;644.51;722.24;573.43;699.30;753.75;https://drive.google.com/open?id=1tPLKMxzh9U6qZL_261zU-WQ6JpoYyq4A;672.23
SF;Pilihan 1;689.05;878.07;715.71;674.12;616.26;746.18;681.35;https://drive.google.com/open?id=1iXbc3stYu2D4cLBcrrwDYhDF9HuY4-jx;714.39
SF;Pilihan 1;747.54;364.12;717.85;840.29;630.43;746.25;715.42;https://drive.google.com/open?id=1barbtZhPSldCY1z9m5lvlYt2RfWPQplC;680.27
SF;Pilihan 1;747.23;829.72;753.90;723.63;677.29;674.17;679.04;https://drive.google.com/open?id=1Ddjg-xEKz0TAEFCfMai8KT9S2BTcrYs0;726.43
SF;Pilihan 1;716.75;755.44;784.00;671.71;682.90;747.68;626.72;https://drive.google.com/open?id=102hc15XXZkekS-0sfLSN4T39HYGu2kc8;712.17
SF;Pilihan 1;717.88;715.94;683.22;754.24;569.55;634.57;712.17;https://drive.google.com/open?id=10lyQtqfWwKMvIv-Dg8hB84ynFUGiOGG4;683.94
SF;Pilihan 1;806.95;777.28;723.34;685.18;725.08;703.75;717.73;https://drive.google.com/open?id=1IPdHPeyd8zJvP9gIXMc-KOfh_-TdXeK8;734.19
SF;Pilihan 2;703.05;802.92;715.98;734.2;759.04;763.67;699.6;https://drive.google.com/open?id=1TyDqLjXY38JCjB4NPmKb2h6mK0ecvRGH;739.78
SF;Pilihan 1;696.42;837.87;755.21;639.77;715.45;779.36;673.81;https://drive.google.com/open?id=1CF2FgzYGCU22jc7GRhSoRPzSpmZiedVL;728.27
SITH-R;Pilihan 2;593.59;677.93;661.77;653.53;549.25;706.29;630.94;;639.04
SITH-R;Pilihan 1;783.17;753.37;660.71;533.21;721.65;710.04;702.65;https://drive.google.com/open?id=1Px6n5vqGrcO4jdWxPIu7Fh85uMIPk63o;694.97
SITH-R;Pilihan 1;678.85;517.21;769.34;649.84;728.57;772.30;427.28;https://drive.google.com/open?id=1iQrgRbmQ76XyeH-xzsKSgjE50_9lW8RH;649.06
SITH-R;Pilihan 2;732.56;688.28;661.32;655.31;634.61;657.00;613.91;https://drive.google.com/open?id=1io94Wr4JRNOxfB-P_xnxF-W_9tRj8Xl8;663.28
SITH-R;Pilihan 1;616.08;557.59;707.29;754.87;593.48;621.94;726.14;https://drive.google.com/open?id=11WqUTSXFNUo9h5Ez147JCrZzLZVS4khF;653.91
SITH-R;Pilihan 2;678.21;703.55;595.38;606.90;540.98;747.10;629.75;https://drive.google.com/open?id=1jGlV7MOAc3kk8lwQBiOoVN0uJuDUbfo8;643.12
SITH-R;Pilihan 1;682.34;666.97;607.94;640.63;761.29;674.53;654.54;https://drive.google.com/open?id=1_TBesuubGIINIjtKX6hzLU6rEAS8svEE;669.75
SITH-R;Pilihan 2;730.52;634.27;668.66;707.39;728.06;750.35;433.87;https://drive.google.com/open?id=126Wp-ipZUd9aitrBu6Hpf0etPCrWt-sG;664.73
SITH-R;Pilihan 1;667.07;677.49;760.45;716.98;696.37;712.63;511.62;https://drive.google.com/open?id=1fHF1zBvWZIyINarOeiwxpgxxRcwABt92;677.52
SITH-R;Pilihan 1;554.19;621.19;729.40;578.77;641.79;714.55;697.29;https://drive.google.com/open?id=17SIsT6M3UX-ok3jyCRMonHW7idKjh7PE;648.17
SITH-R;Pilihan 2;726.87;687.02;697.54;620.35;703.22;665.33;447.33;https://drive.google.com/open?id=1EIHTXe5F2bsZo6lkJ0Q50cRHFTTpO_vL;649.67
SITH-R;Pilihan 1;644.99;505.55;633.52;604.04;647.79;713.21;725.81;https://drive.google.com/open?id=1yJArnWW4vCxC0ERpqk4ZxW0adBguSuIh;639.27
SITH-R;Pilihan 2;627.14;665.30;594.40;651.06;683.61;799.26;562.82;;654.80
SITH-R;Pilihan 1;647.45;785.1;533.33;556.7;617.63;565.9;733.61;https://drive.google.com/open?id=1SfYo8pFpdDCZDec8FkzcWV8AmgYobzBh;634.25
SITH-R;Pilihan 2;800.62;487.79;673.7;660.02;657.89;777.14;467.8;https://drive.google.com/open?id=1UKgXpttWcSDEykIJb2qFLzXx_e65JmQ9;646.42
SITH-S;Pilihan 1;764.23;702.20;654.85;751.49;727.30;778.03;728.71;;729.54
SITH-S;Pilihan 2;740.82;636.62;659.29;625.79;693.59;702.09;556.37;;659.22
SITH-S;Pilihan 2;758.78;682.28;680.57;621.64;604.96;671.36;551.34;;652.99
SITH-S;Pilihan 1;657.15;604.90;775.11;708.69;726.93;770.33;475.07;https://drive.google.com/open?id=1ZtIxdQXPo0Tg8LN1_7ePSxeeB0CDm6z0;674.03
SITH-S;Pilihan 2;699.14;785.42;686.86;468.07;730.98;725.55;713.83;https://drive.google.com/open?id=1z1p-fa-hPScSf12scw9Rk1desSTp3hU4;687.12
SITH-S;Pilihan 1;715.61;500.35;634.80;650.42;691.88;710.36;623.23;https://drive.google.com/open?id=1Q-TADA4kVW24yblFLg19vwgQgVX2sACD;646.66
SITH-S;Pilihan 1;735.51;728.44;747.08;793.83;722.60;680.71;505.56;https://drive.google.com/open?id=1ad8wjlfh_in2veQkeiwFDF-0BmaxzLDS;701.96
SITH-S;Pilihan 2;765.47;588.72;713.31;720.65;544.11;719.33;543.17;https://drive.google.com/open?id=1zHjRFOI96wkPXLyzuOEsmcLJ8DheLbnJ;656.39
SITH-S;Pilihan 1;666.18;767.31;590.71;706.23;696.1;764.1;758.35;https://drive.google.com/open?id=1pOwamJAWB9fVAUELXVt3K1x8L7QES-ly;707.00
SITH-S;Pilihan 1;676.71;660.94;705.09;702.43;663.22;737.8;551.73;https://drive.google.com/open?id=1lfKhp_ATE4COW8SO0GC0zSGGotXaG1d7;671.13
STEI-K;Pilihan 1;804.98;829.59;695.57;688.85;636.79;717.97;724.34;;728.30
STEI-K;Pilihan 1;812.00;789.23;722.64;694.76;649.31;788.85;688.72;https://drive.google.com/open?id=161h9sWs5J40M4Z_AJGyvBAmQSTCMXp38;735.07
STEI-K;Pilihan 1;676.92;815.85;705.61;724.12;720.52;831.56;768.59;https://drive.google.com/open?id=1QrN0rjxSMPmWbIjbCdtkraFuVorX4sPm;749.02
STEI-K;Pilihan 1;765.97;849.42;631.08;738.05;635.60;789.66;764.10;https://drive.google.com/open?id=1L1C5pPcx7He2iFyF5-lgWj2qIA5O4MN5;739.13
STEI-K;Pilihan 1;764.91;779.39;768.05;767.23;775.41;813.39;617.18;https://drive.google.com/open?id=17bd1a5bAwVChJ6RWiylc4V-QkzktLxcV;755.08
STEI-K;Pilihan 1;757.45;876.31;752.42;622.73;664.39;820.26;708.43;https://drive.google.com/open?id=1aEY8FA6pRguYsQkRwx9pSvN7oAL3W8pF;743.14
STEI-K;Pilihan 1;793.43;866.18;706.61;786.15;675.18;727.49;662.93;https://drive.google.com/open?id=1B_GYilHm2m5dc_hk60i2kls_lqrBVNGx;745.42
STEI-K;Pilihan 1;729.23;882.13;727.84;709.97;686.28;700.33;693.49;https://drive.google.com/open?id=1z1WRzJ0gtEOhE5V2Owcz6ZdSXp4XmebR;732.75
STEI-K;Pilihan 1;757.03;824.46;779.06;667.71;735.89;684.02;827.64;https://drive.google.com/open?id=1jBCTLJW-FXV9GzE2TAfzuSRCJtJhxzAY;753.69
STEI-K;Pilihan 1;800.65;983.80;690.65;687.36;714.93;800.83;710.49;https://drive.google.com/open?id=1vkM0s7oECwxeTVl9HQ_kroCDefrQ1JeG;769.82
STEI-K;Pilihan 1;807.74;848.34;684.46;667.49;644.69;728.84;907.82;https://drive.google.com/open?id=1kpcXoSdQHrLdWQn-SnweOwq-YaVN99Oy;755.63
STEI-K;Pilihan 1;805.65;884.93;725.16;699.48;634.58;712.25;684.13;https://drive.google.com/open?id=13VN5N-08uZ5a2QTSMffI4214pe5tcrR-;735.17
STEI-K;Pilihan 1;798.38;1000.00;686.65;729.27;712.67;764.87;820.67;https://drive.google.com/open?id=1NlCZAZJClwd9WlBGM-Nb4_u3RDE04cm6;787.50
STEI-K;Pilihan 1;773.25;834.65;753.45;809.08;844.15;719.70;679.55;https://drive.google.com/open?id=1dJOrcVJIgUXGp0DkvH4psjMJYDsdJM0E;773.40
STEI-K;Pilihan 1;782.42;808.93;703.60;803.44;677.73;723.25;670.95;https://drive.google.com/open?id=1NLohYk1RGtcCJ6GZc5jT6aQVaJ_2EgfI;738.62
STEI-K;Pilihan 1;785.17;742.10;686.28;748.35;647.36;742.20;736.56;https://drive.google.com/open?id=1TIwDpQlvqp2aCEsQDnOlwZzEQDZHfXe1;726.86
STEI-K;Pilihan 1;849.09;894.44;538.89;728.23;614.26;647.28;737.72;https://drive.google.com/open?id=1urT05mWH2e3dslM9fB9s8o0DixkSXEVI;715.70
STEI-K;Pilihan 1;625.90;1000.00;606.66;668.87;783.93;754.09;722.73;https://drive.google.com/open?id=1BlunPVSjkPs_klAXa-ID0bvFg1TWDbyF;737.45
STEI-K;Pilihan 1;760.01;825.73;717.07;589.98;707.39;700.06;774.08;https://drive.google.com/open?id=1xDSsBlAd5PVE3-pB3g5K-Me9HQqnCHZd;724.90
STEI-K;Pilihan 1;824.87;784.84;705.61;724.01;709.77;752.39;610.85;https://drive.google.com/open?id=1JYJld8xaWtE46ShveKvVclg4SHUPaMHJ;730.33
STEI-K;Pilihan 1;801.49;919.36;667.49;697.43;692.46;774.15;587.11;https://drive.google.com/open?id=1zx6IaGa8SRjIswyifRTWWIxIavUfNuag;734.21
STEI-K;Pilihan 1;805.43;812.44;848.38;725.21;617.42;784.41;813.82;https://drive.google.com/open?id=1_8oi1ASVduKJyPWX6PgwvAg5nvHPazHn;772.44
STEI-K;Pilihan 1;780.87;840.42;736.70;640.50;743.81;788.80;748.96;https://drive.google.com/open?id=1BnHyeduItirhzWW3ly0mSkV9P8qh5wqM;754.29
STEI-K;Pilihan 1;804.89;778.40;672.94;743.65;597.84;806.33;794.86;https://drive.google.com/open?id=19N_RFagQSEwv9PNGVTRCv9EMdZqnrGTF;742.70
STEI-K;Pilihan 1;771.49;728.96;731.38;773.28;712.54;804.73;755.57;https://drive.google.com/open?id=1okDWvg7-SydyriBb-1Ka3Hh6Jlptrn9o;753.99
STEI-K;Pilihan 1;784.22;971.33;640.59;756.17;687.85;711.16;584.25;https://drive.google.com/open?id=1igOlYNR-dXLj-NA9mMWADCkWgC02XXTC;733.65
STEI-K;Pilihan 1;724.61;904.16;817.39;682.96;666.87;714.50;762.89;https://drive.google.com/open?id=1W9wb4TUQ1rcGt8fQAopcZqMmcKa_iHmx;753.34
STEI-K;Pilihan 1;783.60;821.40;714.51;708.69;665.95;732.91;670.95;https://drive.google.com/open?id=1TtPGpGFLVeRFXPXgYBFNP_NImpmoLP3m;728.29
STEI-K;Pilihan 1;805.75;886.71;665.63;652.58;664.95;774.94;750.45;https://drive.google.com/open?id=1Mzz3-pnF7rVAjtG4lQHpX8LK-thpf2ji;743.00
STEI-K;Pilihan 1;819.00;893.25;699.50;734.74;793.45;808.09;728.63;https://drive.google.com/open?id=1ACd_Uh-R5W8i_Xy5TOyAyjLBEPwGvukL;782.38
STEI-K;Pilihan 1;734.83;901.96;627.99;670.11;625.56;738.50;737.69;https://drive.google.com/open?id=1tVjJO8eWjOx5Oc9iLM-Ve4QAmi0vbtTC;719.52
STEI-K;Pilihan 1;782.24;933.4;608.15;688.61;649.1;686.49;696.93;https://drive.google.com/open?id=1rhTVKWm6goSLA7SO5tMg3scMrs6A22tG;720.70
STEI-K;Pilihan 1;747.39;894.74;680.94;659.94;756.99;735.66;744.47;https://drive.google.com/open?id=1-q_NbqoZRUlCNmev2brZNxH1gR-4L04C;745.73
STEI-K;Pilihan 1;788.29;995.58;722.77;715.99;696.92;731.43;790.89;https://drive.google.com/open?id=169T_8gyQ5KcA-3T11g9spPl8wa2pW3U7;777.41
STEI-K;Pilihan 1;762.92;835.41;667.24;671.11;733.14;710.14;801.34;https://drive.google.com/open?id=1LgdcEC-MSt6DtTrjBktfJFf_2yHTY9yT;740.19
STEI-K;Pilihan 1;823.34;963.01;653.32;731.74;713.79;701.35;762.18;https://drive.google.com/open?id=1T7cts6Ke8Q4RF2RfSslVP5erf-rEreGx;764.10
STEI-K;Pilihan 1;766.46;823.65;726.26;714.48;660.78;736.54;796.1;https://drive.google.com/open?id=1pFLqCwM-mZFIOBcW1HGhW69Vv33TTyQo;746.32
STEI-K;Pilihan 1;799.58;689.54;639.36;668.28;653.82;783.22;831.84;https://drive.google.com/open?id=1G_9dT8T2SlOEP6YmfEeDCAQNmisJAb9E;723.66
STEI-K;Pilihan 1;698.51;833.23;675.72;716.37;636.59;697.91;918.84;https://drive.google.com/open?id=1iFhnCBuB7iMMqi1w7XFKUYmRJsp3XcoR;739.60
STEI-K;Pilihan 1;742.24;810.81;703.77;769.5;740.72;819.07;773.6;https://drive.google.com/open?id=10bjgL5ctbWPD0YhgZLtl2Q4oJYLyqMG_;765.67
STEI-K;Pilihan 1;802.93;710.95;688.37;752.67;648.79;770.02;728.32;https://drive.google.com/open?id=1TlVXuyL9f9mGESrfbHpL3mjpmZa5Zc95;728.86
STEI-K;Pilihan 1;839.99;701.13;730.95;690.54;686.83;771.43;684.14;https://drive.google.com/open?id=1Fk4SkKYCHlaT5p2GFbKNqobnHHmRhzCQ;729.29
STEI-K;Pilihan 1;794.89;809.03;836.56;629.05;712.54;820.26;788.86;https://drive.google.com/open?id=1prdKS57kQ0tE2IZEng--NxIVhdAWSIL6;770.17
STEI-K;Pilihan 1;799.49;793.74;695.95;610.23;621.33;760.87;790.7;https://drive.google.com/open?id=1aQh2x7wxajXJo5hQ4oJoO2LDJxZfWu0H;724.62
STEI-K;Pilihan 1;734.83;836.31;690.65;831.58;739.81;731.31;715.93;https://drive.google.com/open?id=180SAyca36Sr76KXuY3h_f7Y5hBNAyOWL;754.35
STEI-K;Pilihan 1;791.58;886.44;690.65;737.9;668.54;751.68;732.25;https://drive.google.com/open?id=1Yhra9Dj8pKxrgCkbtY_cL3WO5HXXWAwg;751.29
STEI-K;Pilihan 1;796.12;888.65;802.39;751.69;657.87;750.4;699.55;https://drive.google.com/open?id=1rpPtdqWMpjMq48z_Kg_3mgOd_AUli21w;763.81
STEI-R;Pilihan 2;699.81;697.15;692.40;730.28;725.55;722.81;733.10;;714.44
STEI-R;Pilihan 1;741.95;888.01;611.67;728.23;657.87;719.70;675.91;https://drive.google.com/open?id=1Utl7ti8SrrwcBPnl9NObdIxSxNB693ni;717.62
STEI-R;Pilihan 1;709.97;824.31;743.43;630.45;653.72;696.79;570.91;https://drive.google.com/open?id=1kGFGyDCYXxp2Jzi3kp4FtVJh8Rkz7tD3;689.94
STEI-R;Pilihan 1;691.46;750.07;620.08;697.12;688.08;735.56;678.43;https://drive.google.com/open?id=1wWEjj50lLKl4uJoQ8mu1IpzUpEE3lvKA;694.40
STEI-R;Pilihan 1;730.63;802.33;712.68;669.68;573.17;738.49;665.78;https://drive.google.com/open?id=1brtWk_sAKmb4pC5dFX-S1pnaoYV6PY_u;698.97
STEI-R;Pilihan 1;771.23;686.60;720.49;865.49;725.11;759.27;699.34;https://drive.google.com/open?id=1xa3dwtW3eSC34cYLZowOj3rSp7HP6YiO;746.79
STEI-R;Pilihan 1;774.33;792.21;757.84;756.91;700.86;774.84;494.18;https://drive.google.com/open?id=16YkrlsTheOgkRJRGjboroJ8aWOXCYoQ1;721.60
STEI-R;Pilihan 1;714.68;772.99;682.31;727.13;769.17;614.10;675.31;https://drive.google.com/open?id=1TiB5LFwk30yaqRl5WXljHF7udB7RWrSm;707.96
STEI-R;Pilihan 1;703.63;746.6;687.99;589.83;683.17;727.05;675.14;https://drive.google.com/open?id=1cLZrFQqH_Bo2tcUAmOOkH3qe3T6HO51T;687.63
STEI-R;Pilihan 1;733.53;860.37;661.86;653.88;651.98;631.32;701.37;https://drive.google.com/open?id=1sEayM9Sfjk-MbqpGwS70Cvijou8SiY5p;699.19
STEI-R;Pilihan 1;756.26;830.42;715.95;611.81;737.9;615.35;562.19;https://drive.google.com/open?id=1N3b6YUk9lWTd5ogEvJ5i2CiwMG_qi_Qo;689.98
STEI-R;Pilihan 2;705.33;893.46;601.33;761.32;709.27;752.88;623.43;https://drive.google.com/open?id=115s0QJoDUTPn2Zg03zdvbM7k9fVlRH_L;721.00
STEI-R;Pilihan 1;812.98;827.96;646.8;631.72;643.73;684.11;964.96;https://drive.google.com/open?id=1z9gUYCFKweSpDGMrffSSEJ3IwIjGpXVI;744.61
STEI-R;Pilihan 1;740.51;720.52;799.03;776.69;616.34;796.69;597.63;https://drive.google.com/open?id=1rmTQVWcYH0d3HGR_Qcaprr36no2EFb8A;721.06
